solID,perfQ,#changes,pas,reliability
472,-0.07267624204527803,13.940000000000001,13.0,-0.7208412944082472
532,-0.07267624204527803,13.940000000000001,13.0,-0.7208412944082472
584,-0.21240173815856891,7.949999999999999,13.0,-0.5272448505627285
588,-0.2124021699366192,5.9,13.0,-0.5269874505627286
600,-0.21240173815856891,7.949999999999999,13.0,-0.5272448505627285
604,-0.07267624204527803,13.940000000000001,13.0,-0.7208412944082472
620,-0.2124021699366192,6.0600000000000005,14.0,-0.6286208505627285
