solID,perfQ,#changes,pas,reliability
710,-0.18613641322021832,8.96,16.0,-0.8208710212062362
720,-0.18613641322021832,8.96,16.0,-0.8208710212062362
752,-0.18613641322021832,8.96,16.0,-0.8208710212062362
760,-0.12420560281672662,6.0600000000000005,17.0,-0.7627138823193941
773,-0.18613641322021832,8.96,16.0,-0.8208710212062362
776,-0.17012276670450419,13.440000000000001,13.0,-0.8029388351180755
784,-0.20766414431037442,8.96,16.0,-0.7453534691021784
799,-0.12420560281672662,6.0600000000000005,17.0,-0.7627138823193941
802,-0.12420560281672662,6.0600000000000005,17.0,-0.7627138823193941
803,-0.12420560281672662,6.0600000000000005,17.0,-0.7627138823193941
841,-0.18613641322021832,8.96,16.0,-0.8208710212062362
844,-0.18613641322021832,8.96,16.0,-0.8208710212062362
845,-0.11429690413191772,6.5,16.0,-0.8208710212062362
868,-0.12420560281672662,6.0600000000000005,17.0,-0.7627138823193941
925,-0.18613641322021832,8.96,16.0,-0.8208710212062362
926,-0.12420560281672662,6.0600000000000005,17.0,-0.7627138823193941
