solID,perfQ,#changes,pas,reliability
15,-0.16635266365929743,9.59,14.0,-0.8580607175738273
34,-0.16635266365929743,9.59,14.0,-0.8580607175738273
47,-0.19373142845396632,10.03,14.0,-0.8578089491027392
50,-0.16635266365929743,9.59,14.0,-0.8580607175738273
57,-0.24612855032238162,7.7,17.0,-0.4890346955568452
66,-0.16635266365929743,9.59,14.0,-0.8580607175738273
78,-0.19373142845396632,10.03,14.0,-0.8578089491027392
80,-0.16635266365929743,9.59,14.0,-0.8580607175738273
101,-0.33662287958202086,14.76,10.0,-0.763086383988203
104,-0.1172098717454244,8.93,10.0,-0.9144143799563292
119,-0.16635266365929743,9.59,14.0,-0.8580607175738273
122,-0.1289138541171237,10.03,11.0,-0.36429965363008937
124,-0.19373142845396632,10.03,14.0,-0.8578089491027392
154,-0.1289138541171237,10.03,11.0,-0.36429965363008937
155,-0.1172098717454244,8.93,10.0,-0.9144143799563292
159,-0.16635266365929743,9.59,14.0,-0.8580607175738273
